MemberNumber,FirstName,LastName,email,gender,Rego,QuoteNumber,Amount
115820,Jason,Henderson,jhenderson0@psu.edu,Male,2NHD478,,
765603,Sandra,Gutierrez,sgutierrez1@admin.ch,Female,2RUL315,,
635698,Keith,Hamilton,khamilton2@typepad.com,Male,4IXY537,,
515758,Denise,Anderson,danderson3@constantcontact.com,Female,1KPA379,,
203187,Laura,Fields,lfields4@myspace.com,Female,2HYT842,,
605440,Peter,Sullivan,psullivan5@cafepress.com,Male,3TIR914,,
512466,Frances,Owens,fowens6@squarespace.com,Female,0SLE891,,
397043,Helen,Gardner,hgardner7@slashdot.org,Female,0AVL599,,
376828,Barbara,Sanchez,bsanchez8@purevolume.com,Female,8LCU601,,
546988,Jack,Brooks,jbrooks9@indiegogo.com,Male,0PRA977,,
406486,Terry,Lane,tlanea@ucoz.com,Male,9CHY796,,
666257,Lawrence,West,lwestb@zdnet.com,Male,7TZR162,,
336138,Eric,Lawson,elawsonc@narod.ru,Male,8ZQR641,,
042143,Kelly,Moreno,kmorenod@ustream.tv,Female,3RDH995,,
409850,Doris,Warren,dwarrene@auda.org.au,Female,0RKF558,,
489788,Craig,Reid,creidf@facebook.com,Male,2QJG121,,
798452,Carol,Perry,cperryg@pagesperso-orange.fr,Female,4KZM807,,
411444,Angela,Gonzales,agonzalesh@yahoo.co.jp,Female,7XOH063,,
290187,Laura,Wilson,lwilsoni@wisc.edu,Female,9GRM641,,
102731,Martin,Spencer,mspencerj@multiply.com,Male,1WDJ404,,
985161,Lawrence,King,lkingk@slate.com,Male,4TIN430,,
494943,Howard,Morales,hmoralesl@google.pl,Male,8JER627,,
346589,Michael,Jones,mjonesm@free.fr,Male,2JSZ083,,
426315,Adam,Palmer,apalmern@tiny.cc,Male,9UQX451,,
580932,Donald,Dean,ddeano@whitehouse.gov,Male,6FJC876,,
382831,Willie,Gonzalez,wgonzalezp@tripadvisor.com,Male,6XWK790,,
468208,Jean,Anderson,jandersonq@cafepress.com,Female,2GUA157,,
403120,Carol,Perry,cperryr@cocolog-nifty.com,Female,0FTB300,,
658902,Michael,Bradley,mbradleys@alibaba.com,Male,8RNL285,,
652536,Charles,Martinez,cmartinezt@ucoz.ru,Male,1LCS656,,
656558,Alice,Ramirez,aramirezu@paginegialle.it,Female,8ITB921,,
153333,David,Rogers,drogersv@w3.org,Male,5GSN233,,
713965,Beverly,Franklin,bfranklinw@bandcamp.com,Female,4AGT037,,
138497,Jose,Carr,jcarrx@newyorker.com,Male,3TNI199,,
326831,Ronald,Burton,rburtony@senate.gov,Male,2ZIL635,,
113701,Todd,Bailey,tbaileyz@mtv.com,Male,3NJY898,,
759274,Sara,Robertson,srobertson10@ihg.com,Female,8MQV407,,
779058,Barbara,Castillo,bcastillo11@ted.com,Female,6VSN265,,
689267,Brian,Schmidt,bschmidt12@paginegialle.it,Male,1QWU743,,
380715,Gerald,Meyer,gmeyer13@ebay.co.uk,Male,3YDB261,,
972723,Rebecca,Carr,rcarr14@princeton.edu,Female,3KJD320,,
681127,Jason,Gonzales,jgonzales15@com.com,Male,1CMZ577,,
781968,Rose,Graham,rgraham16@friendfeed.com,Female,7VKR249,,
658330,Helen,Snyder,hsnyder17@xing.com,Female,9VLA656,,
148224,Timothy,Russell,trussell18@sfgate.com,Male,0LGT473,,
641629,Lillian,Andrews,landrews19@yellowbook.com,Female,0ISF533,,
375858,Brenda,Black,bblack1a@webs.com,Female,5MTY447,,
396828,Terry,Hudson,thudson1b@economist.com,Male,1RLP851,,
727085,Howard,Gibson,hgibson1c@netlog.com,Male,0EJU654,,
216977,Samuel,Day,sday1d@reference.com,Male,2JGN016,,
795695,Joe,Richards,jrichards1e@youtu.be,Male,5JTO300,,
826008,Keith,Johnston,kjohnston1f@amazonaws.com,Male,6IZR143,,
323683,Louis,Griffin,lgriffin1g@zdnet.com,Male,4BAF000,,
557893,Catherine,Holmes,cholmes1h@t-online.de,Female,5ZYO582,,
803669,Edward,Arnold,earnold1i@washingtonpost.com,Male,2HCD151,,
101192,Nancy,Lee,nlee1j@t.co,Female,2FNZ757,,
429012,Phillip,Parker,pparker1k@google.ca,Male,2TYL418,,
579718,Brian,Gibson,bgibson1l@princeton.edu,Male,7ECG160,,
069111,Janet,Jordan,jjordan1m@zimbio.com,Female,3QGS913,,
651526,Paula,Ferguson,pferguson1n@csmonitor.com,Female,7DAZ758,,
991581,Rose,Ortiz,rortiz1o@blogspot.com,Female,8CTV679,,
364071,Sharon,Dean,sdean1p@google.com.au,Female,2TVZ931,,
788260,Christine,Vasquez,cvasquez1q@tamu.edu,Female,2UYJ991,,
108640,Ronald,Wells,rwells1r@go.com,Male,9XQY235,,
524636,Andrew,Garza,agarza1s@clickbank.net,Male,9YHP713,,
084804,Jose,Baker,jbaker1t@slate.com,Male,1DQW797,,
008874,Ruby,Collins,rcollins1u@w3.org,Female,2DUX479,,
207143,Paul,Johnston,pjohnston1v@altervista.org,Male,8GHX386,,
063215,Julie,Cox,jcox1w@businessinsider.com,Female,1PTA117,,
622458,Joseph,Dean,jdean1x@posterous.com,Male,7CBK822,,
759077,Frank,Arnold,farnold1y@1688.com,Male,4ANJ966,,
884624,Lori,Fernandez,lfernandez1z@google.ru,Female,5RGI516,,
290596,Carl,George,cgeorge20@ucoz.com,Male,7YQI397,,
339468,Doris,Mcdonald,dmcdonald21@princeton.edu,Female,4LVR200,,
280062,Anne,Miller,amiller22@reverbnation.com,Female,6PQD770,,
959015,Dennis,Bailey,dbailey23@ehow.com,Male,1VQO873,,
169127,Kathy,Alexander,kalexander24@parallels.com,Female,6OKR836,,
664491,Amanda,Nichols,anichols25@google.com.au,Female,5BHA932,,
381568,Rachel,Jackson,rjackson26@shutterfly.com,Female,4SFR573,,
613340,Katherine,Richards,krichards27@jigsy.com,Female,0OJZ402,,
104056,Stephen,Knight,sknight28@prnewswire.com,Male,7FIH849,,
250778,Anne,Hawkins,ahawkins29@va.gov,Female,1CLB024,,
128404,Carlos,Armstrong,carmstrong2a@wix.com,Male,1VGF132,,
645821,Ernest,Marshall,emarshall2b@ted.com,Male,0MNF010,,
084519,Lillian,Peters,lpeters2c@bluehost.com,Female,4RTH342,,
853712,James,Arnold,jarnold2d@npr.org,Male,5TKW479,,
021645,Amy,Ross,aross2e@ucoz.ru,Female,2MIH432,,
415397,James,Taylor,jtaylor2f@geocities.jp,Male,1FTR149,,
738076,Alan,Wallace,awallace2g@dion.ne.jp,Male,1RZC398,,
851487,Wanda,Nelson,wnelson2h@telegraph.co.uk,Female,3TMX829,,
151729,Lois,Cruz,lcruz2i@163.com,Female,9MUS135,,
913291,Nicole,Sims,nsims2j@mail.ru,Female,0LGM441,,
205203,Willie,Fisher,wfisher2k@weebly.com,Male,6HOX350,,
869457,Patricia,Smith,psmith2l@sakura.ne.jp,Female,2GXO318,,
520911,Doris,Long,dlong2m@ucla.edu,Female,1DQA444,,
057278,Benjamin,Price,bprice2n@scribd.com,Male,6TQH496,,
193014,Judith,Wallace,jwallace2o@cisco.com,Female,5KRP990,,
595335,Harry,Ellis,hellis2p@google.ru,Male,2QUM942,,
143635,Stephanie,Day,sday2q@prweb.com,Female,1BMQ956,,
093648,Anthony,Wheeler,awheeler2r@phpbb.com,Male,8XFQ250,,
174259,Johnny,Bryant,jbryant2s@microsoft.com,Male,3EON487,,
787149,Teresa,Fuller,tfuller2t@wikia.com,Female,6PWY087,,
697452,Denise,Richards,drichards2u@economist.com,Female,8XNU180,,
315796,Sharon,Ray,sray2v@webnode.com,Female,3ZHN577,,
515112,Christopher,Wallace,cwallace2w@jugem.jp,Male,1XKP156,,
776585,Kelly,Carpenter,kcarpenter2x@admin.ch,Female,9RMJ305,,
038262,Jimmy,Peters,jpeters2y@nbcnews.com,Male,8LDN360,,
410825,Larry,Robinson,lrobinson2z@epa.gov,Male,6SFB255,,
377170,Marilyn,Nelson,mnelson30@usa.gov,Female,1UFR192,,
051577,Nicole,Fisher,nfisher31@infoseek.co.jp,Female,0BGU269,,
028918,Randy,Perez,rperez32@cloudflare.com,Male,9BGU560,,
514145,Judith,Stevens,jstevens33@fc2.com,Female,7MSW877,,
834155,Chris,Hunter,chunter34@foxnews.com,Male,5JYV579,,
451139,Shirley,Webb,swebb35@multiply.com,Female,9JIH444,,
692117,Kelly,Foster,kfoster36@nationalgeographic.com,Female,9QRL560,,
951760,Shawn,Young,syoung37@yahoo.com,Male,0YJP064,,
737999,Stephanie,Peters,speters38@icio.us,Female,8SIF723,,
673432,Mary,Jordan,mjordan39@dagondesign.com,Female,6UVA913,,
772587,Joyce,Mendoza,jmendoza3a@ow.ly,Female,5OIQ165,,
546241,Anna,Butler,abutler3b@alibaba.com,Female,6NSA808,,
279382,Kimberly,Tucker,ktucker3c@bizjournals.com,Female,3LVX262,,
075717,Frances,Anderson,fanderson3d@so-net.ne.jp,Female,8HGJ153,,
365741,Christopher,Martinez,cmartinez3e@tuttocitta.it,Male,0JUK396,,
635101,Robin,Andrews,randrews3f@exblog.jp,Female,1PXF886,,
665421,Dennis,Gibson,dgibson3g@themeforest.net,Male,4PBA146,,
374010,James,Foster,jfoster3h@netscape.com,Male,2HSD313,,
451586,Amanda,Riley,ariley3i@reverbnation.com,Female,5HMF803,,
208480,Edward,Anderson,eanderson3j@ucoz.com,Male,3CYK854,,
304069,Samuel,Payne,spayne3k@pcworld.com,Male,4UIQ649,,
229680,Linda,Lawrence,llawrence3l@usa.gov,Female,4XCT876,,
399720,Michael,Mcdonald,mmcdonald3m@spiegel.de,Male,2KMQ637,,
029913,Nancy,Jenkins,njenkins3n@mapy.cz,Female,1PXD085,,
914110,Ralph,Duncan,rduncan3o@mtv.com,Male,7CUK710,,
438275,Annie,Ramos,aramos3p@google.es,Female,2DZK530,,
447365,Emily,Morgan,emorgan3q@godaddy.com,Female,7EYV655,,
757192,Theresa,Jacobs,tjacobs3r@nytimes.com,Female,0SXG392,,
602252,Christopher,Simpson,csimpson3s@newyorker.com,Male,3HKW979,,
384253,James,Patterson,jpatterson3t@usnews.com,Male,1YOW276,,
031487,Denise,White,dwhite3u@harvard.edu,Female,9BIS494,,
374970,Albert,Larson,alarson3v@macromedia.com,Male,7ZTN897,,
244563,Todd,Freeman,tfreeman3w@cdc.gov,Male,1RHQ097,,
005661,Ashley,Reynolds,areynolds3x@sohu.com,Female,6YOI789,,
426315,Julie,Murphy,jmurphy3y@youtu.be,Female,0FHK973,,
032323,Matthew,Hawkins,mhawkins3z@dmoz.org,Male,3JMP981,,
961798,Gregory,Holmes,gholmes40@unblog.fr,Male,3CID819,,
901779,Gary,Fowler,gfowler41@ezinearticles.com,Male,2VUD908,,
319560,Joshua,Flores,jflores42@wikia.com,Male,0LTZ487,,
758573,Alan,Owens,aowens43@theatlantic.com,Male,8XGF485,,
998636,Donna,Coleman,dcoleman44@marketwatch.com,Female,3HLZ436,,
426860,Ruth,Gardner,rgardner45@wiley.com,Female,1RBC620,,
579990,Jean,Chapman,jchapman46@yandex.ru,Female,4UMF160,,
859446,Maria,Wheeler,mwheeler47@zimbio.com,Female,3BVW777,,
189116,Martin,Bryant,mbryant48@weebly.com,Male,2BQD191,,
971111,Irene,Lopez,ilopez49@virginia.edu,Female,3OTJ165,,
446569,Stephen,Morales,smorales4a@macromedia.com,Male,3OBZ409,,
682040,Randy,Green,rgreen4b@hhs.gov,Male,7PAZ413,,
561941,Kimberly,Morales,kmorales4c@pagesperso-orange.fr,Female,0BKE703,,
565967,Jane,Fox,jfox4d@zimbio.com,Female,6ETL935,,
013467,Judy,Diaz,jdiaz4e@nydailynews.com,Female,2SQY197,,
951524,Judy,Weaver,jweaver4f@live.com,Female,0PKT564,,
777493,Heather,Cook,hcook4g@freewebs.com,Female,4JSG382,,
629490,Jacqueline,Franklin,jfranklin4h@prweb.com,Female,2FGW372,,
653499,Rose,Black,rblack4i@epa.gov,Female,8ZSA379,,
672061,Johnny,Ruiz,jruiz4j@latimes.com,Male,1JXQ631,,
719982,Stephanie,Reed,sreed4k@toplist.cz,Female,0KUH131,,
410896,Annie,Carpenter,acarpenter4l@xinhuanet.com,Female,0BFS631,,
952319,Virginia,Watkins,vwatkins4m@xrea.com,Female,2ANY294,,
163322,Mary,Turner,mturner4n@yahoo.com,Female,4WYE970,,
914995,Maria,Morris,mmorris4o@nsw.gov.au,Female,1TJN086,,
073572,Annie,Patterson,apatterson4p@guardian.co.uk,Female,5KZM865,,
902202,Alice,Hernandez,ahernandez4q@samsung.com,Female,3KZO806,,
008202,Ronald,Butler,rbutler4r@theglobeandmail.com,Male,7ZAQ187,,
538356,Jonathan,Ward,jward4s@blogtalkradio.com,Male,5YKB273,,
413053,Donald,Owens,dowens4t@usda.gov,Male,8AFD870,,
457098,Julie,Simmons,jsimmons4u@ted.com,Female,0YFV588,,
395380,Eric,Chapman,echapman4v@lycos.com,Male,5UPH413,,
299443,Daniel,Lynch,dlynch4w@xrea.com,Male,3FNU970,,
088128,Dorothy,Gardner,dgardner4x@blogger.com,Female,4IKU655,,
242934,Antonio,Larson,alarson4y@smh.com.au,Male,5NZS763,,
228761,Lawrence,Miller,lmiller4z@hud.gov,Male,4CEF760,,
759092,Tina,Cruz,tcruz50@xrea.com,Female,6ZPY643,,
735887,Robin,Johnson,rjohnson51@goo.gl,Female,3FQX978,,
523199,Norma,Henderson,nhenderson52@narod.ru,Female,6EZS089,,
125534,Christine,Burke,cburke53@acquirethisname.com,Female,8PEK100,,
938889,Carlos,Campbell,ccampbell54@constantcontact.com,Male,5MFT487,,
634600,Eric,Sanchez,esanchez55@comcast.net,Male,8HMX792,,
843395,Ruth,Fuller,rfuller56@simplemachines.org,Female,2UJC238,,
501970,Adam,Gilbert,agilbert57@yandex.ru,Male,0FJV627,,
181579,Andrea,Ramirez,aramirez58@nps.gov,Female,6STH423,,
105606,Earl,Hunt,ehunt59@oracle.com,Male,4FOU787,,
308220,Gerald,Morris,gmorris5a@uiuc.edu,Male,4TLI400,,
349646,Mildred,Moore,mmoore5b@1und1.de,Female,1QDX419,,
591866,Denise,Bishop,dbishop5c@go.com,Female,4MVL882,,
324449,David,Fuller,dfuller5d@ocn.ne.jp,Male,6ETG394,,
319707,Donald,Austin,daustin5e@noaa.gov,Male,6GNR159,,
971499,Matthew,Roberts,mroberts5f@studiopress.com,Male,7VIO813,,
110306,Denise,Torres,dtorres5g@yale.edu,Female,6GTU673,,
892430,Debra,Stewart,dstewart5h@imageshack.us,Female,5LQO551,,
928609,Gary,Gonzalez,ggonzalez5i@storify.com,Male,5ERH456,,
749546,Joseph,Green,jgreen5j@typepad.com,Male,4JHC757,,
936930,Judith,Jenkins,jjenkins5k@tamu.edu,Female,1ZOP884,,
522305,Patricia,Fuller,pfuller5l@nyu.edu,Female,5CQP794,,
552293,Edward,Elliott,eelliott5m@symantec.com,Male,8XPU568,,
996079,Marie,Graham,mgraham5n@mtv.com,Female,0GCK471,,
967857,Philip,Spencer,pspencer5o@noaa.gov,Male,0WKL113,,
472064,Nicholas,Morris,nmorris5p@about.me,Male,8JFK500,,
918442,John,Smith,jsmith5q@wisc.edu,Male,0TRO472,,
258066,Philip,Fox,pfox5r@macromedia.com,Male,7AXZ973,,
536924,Willie,Gonzales,wgonzales5s@twitter.com,Male,0LDH874,,
979136,Larry,Adams,ladams5t@privacy.gov.au,Male,5VDR094,,
984869,Heather,Bradley,hbradley5u@bizjournals.com,Female,0HGW982,,
335659,Joyce,Ferguson,jferguson5v@usatoday.com,Female,2SRP147,,
779973,Clarence,Watson,cwatson5w@stumbleupon.com,Male,7FMB488,,
743690,Thomas,Hall,thall5x@nih.gov,Male,7JOV662,,
211912,Eugene,Matthews,ematthews5y@google.ca,Male,0YZD613,,
081755,Ruth,Price,rprice5z@mapy.cz,Female,8UWT859,,
777739,Kathryn,Ray,kray60@skyrock.com,Female,1MDP494,,
452868,Gerald,Moreno,gmoreno61@wordpress.org,Male,9WGU283,,
554252,Donald,Hanson,dhanson62@issuu.com,Male,9UIB941,,
458075,Randy,James,rjames63@fc2.com,Male,6IRC727,,
690679,Marilyn,Ortiz,mortiz64@imgur.com,Female,6UGV087,,
090446,Victor,Castillo,vcastillo65@domainmarket.com,Male,0GRN295,,
253534,Lillian,Burton,lburton66@ucla.edu,Female,7AVN747,,
383033,Marie,Foster,mfoster67@ustream.tv,Female,2KDW475,,
642331,Christine,Arnold,carnold68@army.mil,Female,1SPG891,,
960432,Amanda,Griffin,agriffin69@si.edu,Female,9RSY192,,
787170,Doris,Weaver,dweaver6a@washington.edu,Female,9LSP867,,
134710,Antonio,Burns,aburns6b@livejournal.com,Male,9UZG311,,
129005,Michelle,Holmes,mholmes6c@nih.gov,Female,3RLX183,,
502096,Gloria,Turner,gturner6d@is.gd,Female,3ZTX890,,
236724,Deborah,Miller,dmiller6e@yolasite.com,Female,5XZG055,,
718131,Nancy,Harper,nharper6f@yelp.com,Female,7QHE806,,
762785,Scott,Coleman,scoleman6g@weather.com,Male,9YOG737,,
167129,Amanda,Hunter,ahunter6h@furl.net,Female,3GQX138,,
986271,Johnny,Murphy,jmurphy6i@weibo.com,Male,1EWS907,,
944969,Dennis,Willis,dwillis6j@cam.ac.uk,Male,2JVC825,,
775293,Lillian,Jackson,ljackson6k@opera.com,Female,9ZMB458,,
005573,Irene,Banks,ibanks6l@1und1.de,Female,0PZM259,,
877167,Amy,Andrews,aandrews6m@people.com.cn,Female,2GDE956,,
850721,Ruth,Powell,rpowell6n@unesco.org,Female,6AYJ880,,
285162,Bruce,Price,bprice6o@addtoany.com,Male,6HWO286,,
019077,Christina,Cole,ccole6p@xinhuanet.com,Female,6JBN743,,
217730,Christina,Collins,ccollins6q@mashable.com,Female,2CKJ441,,
805573,Heather,Bell,hbell6r@i2i.jp,Female,1LAU363,,
421236,Rose,Hughes,rhughes6s@ehow.com,Female,3LPE499,,
773354,Carl,Thompson,cthompson6t@xinhuanet.com,Male,0GLV140,,
512282,Matthew,Sullivan,msullivan6u@dyndns.org,Male,3CDW426,,
777727,Louise,Carr,lcarr6v@intel.com,Female,8IOP177,,
448464,Jacqueline,Wallace,jwallace6w@mozilla.com,Female,8YBC388,,
170313,Susan,Carter,scarter6x@indiatimes.com,Female,3LFS248,,
881640,Theresa,Romero,tromero6y@ucsd.edu,Female,8MXA083,,
637471,Robin,Dean,rdean6z@ow.ly,Female,7ZEI667,,
788534,Phillip,Watson,pwatson70@dell.com,Male,6RTZ081,,
371687,Juan,Coleman,jcoleman71@marriott.com,Male,2YXL664,,
223968,Bruce,Oliver,boliver72@mediafire.com,Male,5VNO170,,
389057,Shirley,Morgan,smorgan73@feedburner.com,Female,0QWT776,,
381558,Alan,Day,aday74@prnewswire.com,Male,2BXZ476,,
630868,Marie,Arnold,marnold75@cocolog-nifty.com,Female,6WBC893,,
623542,Sharon,Miller,smiller76@sina.com.cn,Female,4FXW612,,
550315,Michelle,Wilson,mwilson77@mapquest.com,Female,8UHO925,,
668637,William,Thomas,wthomas78@livejournal.com,Male,4HGC158,,
467811,Doris,Ward,dward79@weather.com,Female,2FML423,,
107379,Nancy,Gardner,ngardner7a@clickbank.net,Female,5QCU023,,
769096,Harold,Garcia,hgarcia7b@slate.com,Male,2SFZ256,,
294356,Chris,Richards,crichards7c@imdb.com,Male,0QLN694,,
220604,Daniel,Lee,dlee7d@gravatar.com,Male,0SHB651,,
282970,Anna,Arnold,aarnold7e@istockphoto.com,Female,1UNC142,,
444367,Todd,Bell,tbell7f@illinois.edu,Male,9ASP110,,
302813,Robert,Burke,rburke7g@discovery.com,Male,7VWG651,,
140553,Wanda,Reynolds,wreynolds7h@washington.edu,Female,0XZF414,,
220337,Ryan,Olson,rolson7i@blog.com,Male,6MNK380,,
107233,Scott,Jackson,sjackson7j@earthlink.net,Male,1FUC361,,
703763,Teresa,Mason,tmason7k@theguardian.com,Female,9NEK453,,
707564,Andrea,Bell,abell7l@lulu.com,Female,5TRP202,,
865674,Jeffrey,Kim,jkim7m@google.ca,Male,3WXK607,,
838636,Jimmy,Hayes,jhayes7n@histats.com,Male,6LTX525,,
089744,Jessica,Hunter,jhunter7o@prweb.com,Female,2ISO775,,
220004,Daniel,Davis,ddavis7p@salon.com,Male,6ILP816,,
347722,Rose,Gardner,rgardner7q@census.gov,Female,6IWR549,,
084350,Jesse,Oliver,joliver7r@cam.ac.uk,Male,0NOR830,,
617678,Linda,Burns,lburns7s@sbwire.com,Female,9HPN621,,
091423,Betty,Cox,bcox7t@discovery.com,Female,1RGU750,,
936647,Ryan,Barnes,rbarnes7u@jugem.jp,Male,8BCA868,,
520471,Theresa,Moore,tmoore7v@latimes.com,Female,4EKO385,,
811971,Catherine,Vasquez,cvasquez7w@google.com.au,Female,8QYH874,,
967910,Helen,Willis,hwillis7x@ebay.com,Female,7BQK808,,
670220,Debra,Harrison,dharrison7y@pen.io,Female,3SDZ505,,
399792,Betty,Gardner,bgardner7z@scribd.com,Female,4DIR918,,
639162,Stephen,Kim,skim80@goo.gl,Male,2QZA136,,
314305,Andrew,Hill,ahill81@mail.ru,Male,0GMS323,,
957424,Elizabeth,Collins,ecollins82@weebly.com,Female,1AOK347,,
397617,Judith,Rose,jrose83@netscape.com,Female,0OBW223,,
184248,Kenneth,Stewart,kstewart84@amazon.com,Male,8HWA211,,
708553,Aaron,Wheeler,awheeler85@edublogs.org,Male,2NDB572,,
714687,Harry,Diaz,hdiaz86@facebook.com,Male,6KZN537,,
396359,Brenda,Price,bprice87@lycos.com,Female,2QHM013,,
750879,Rebecca,Ramos,rramos88@paypal.com,Female,4TIX672,,
393741,Christina,Rogers,crogers89@dmoz.org,Female,7ZOK048,,
705704,Susan,Reyes,sreyes8a@reverbnation.com,Female,1LQI215,,
026757,Rebecca,Edwards,redwards8b@usnews.com,Female,7MQV824,,
517414,Terry,Cox,tcox8c@quantcast.com,Male,1APQ195,,
835999,Sharon,Taylor,staylor8d@forbes.com,Female,2NLB562,,
899965,Steven,Fields,sfields8e@taobao.com,Male,5SHJ248,,
243129,Jane,Hunter,jhunter8f@bbb.org,Female,7SNQ236,,
297378,Marilyn,Rice,mrice8g@webnode.com,Female,5WQL326,,
146452,Kimberly,Jackson,kjackson8h@hao123.com,Female,5PFZ771,,
053681,Carolyn,Wright,cwright8i@aboutads.info,Female,4GOU595,,
864285,Robin,Schmidt,rschmidt8j@psu.edu,Female,1GMC901,,
663933,Ruth,Martin,rmartin8k@sciencedaily.com,Female,5OFH353,,
775253,Charles,Bradley,cbradley8l@ftc.gov,Male,2EQN975,,
077731,Philip,Vasquez,pvasquez8m@livejournal.com,Male,9OYI888,,
879658,Joyce,Cooper,jcooper8n@vkontakte.ru,Female,5IWP375,,
861121,Jason,Dunn,jdunn8o@liveinternet.ru,Male,0QZD262,,
372960,Maria,Hunt,mhunt8p@huffingtonpost.com,Female,1IFP382,,
226520,Jimmy,Fowler,jfowler8q@desdev.cn,Male,1MXK878,,
979012,Bruce,Adams,badams8r@flavors.me,Male,8BAP315,,
125715,Jack,Hart,jhart8s@wikipedia.org,Male,5UQW272,,
437651,Walter,Carpenter,wcarpenter8t@hubpages.com,Male,1OJM191,,
065920,Janet,Hansen,jhansen8u@army.mil,Female,1CQN054,,
846659,Jesse,Graham,jgraham8v@xing.com,Male,6LFX476,,
807621,Marie,Graham,mgraham8w@patch.com,Female,0IFW519,,
440167,Philip,Stewart,pstewart8x@tripod.com,Male,6VWI626,,
590326,Donald,Boyd,dboyd8y@tumblr.com,Male,0DBN200,,
668343,Beverly,Cooper,bcooper8z@squidoo.com,Female,7KRX668,,
801682,Melissa,Ruiz,mruiz90@slate.com,Female,0QLS405,,
179301,Philip,Roberts,proberts91@vinaora.com,Male,6YTW974,,
175666,Howard,Young,hyoung92@tiny.cc,Male,9FXT080,,
315812,Angela,Fowler,afowler93@cargocollective.com,Female,6DGO821,,
015493,Ronald,Larson,rlarson94@columbia.edu,Male,7UMK233,,
588933,Jimmy,Martin,jmartin95@ovh.net,Male,4KFW596,,
272312,Carolyn,Frazier,cfrazier96@pbs.org,Female,3BEI042,,
362189,Nicole,Banks,nbanks97@ovh.net,Female,0NOB150,,
369530,Peter,Griffin,pgriffin98@seattletimes.com,Male,9JZX007,,
668416,Sandra,Bell,sbell99@alexa.com,Female,3XNI355,,
216404,Melissa,Carr,mcarr9a@baidu.com,Female,4XPN507,,
698774,Eugene,Simmons,esimmons9b@wp.com,Male,1ENJ288,,
154437,Melissa,Peters,mpeters9c@ucoz.ru,Female,8FPV880,,
323677,Benjamin,Reyes,breyes9d@state.gov,Male,6RQS753,,
542306,John,Reid,jreid9e@addtoany.com,Male,1BCA425,,
768063,Justin,Mendoza,jmendoza9f@stanford.edu,Male,3PMF644,,
776975,Lillian,Warren,lwarren9g@uol.com.br,Female,7VDN645,,
375291,Clarence,Gordon,cgordon9h@google.cn,Male,9JWE709,,
981124,Shawn,Garrett,sgarrett9i@hibu.com,Male,8EZP503,,
110885,Patrick,Perkins,pperkins9j@newyorker.com,Male,1EUN112,,
663267,Samuel,Gordon,sgordon9k@list-manage.com,Male,6TCW927,,
991010,Justin,Burton,jburton9l@springer.com,Male,7ZTD166,,
524622,Daniel,Long,dlong9m@blogtalkradio.com,Male,5SAT407,,
272725,Billy,Cook,bcook9n@ucla.edu,Male,1AUE730,,
200962,Ann,Armstrong,aarmstrong9o@huffingtonpost.com,Female,3XGH962,,
992579,Robert,Reid,rreid9p@over-blog.com,Male,3MZN258,,
425558,Juan,Pierce,jpierce9q@opera.com,Male,9TSC190,,
582735,Bonnie,Kelley,bkelley9r@hatena.ne.jp,Female,8XQO277,,
707249,Gerald,Willis,gwillis9s@slate.com,Male,4TJF563,,
431809,Peter,Harrison,pharrison9t@oaic.gov.au,Male,0UDR539,,
583416,Ernest,Castillo,ecastillo9u@nsw.gov.au,Male,4WMJ412,,
655220,Arthur,Chapman,achapman9v@webs.com,Male,1LOJ261,,
964239,Lisa,Willis,lwillis9w@bbb.org,Female,0IUW778,,
707906,Kelly,Gilbert,kgilbert9x@mozilla.org,Female,7FAR888,,
624332,Anna,Allen,aallen9y@elegantthemes.com,Female,8MWO538,,
295109,Cheryl,Webb,cwebb9z@washington.edu,Female,3MGA568,,
156337,Brenda,Andrews,bandrewsa0@comcast.net,Female,9TRU514,,
186570,Jimmy,Kennedy,jkennedya1@taobao.com,Male,8WYO232,,
321085,Eric,Martinez,emartineza2@sbwire.com,Male,6TLE666,,
840087,Kathleen,Scott,kscotta3@domainmarket.com,Female,1QOZ898,,
128143,Sandra,Palmer,spalmera4@ucsd.edu,Female,5SHL826,,
105052,Kelly,Flores,kfloresa5@google.co.uk,Female,9ZVH049,,
918438,Norma,Rivera,nriveraa6@guardian.co.uk,Female,6FUB005,,
870801,Willie,Armstrong,warmstronga7@npr.org,Male,7AXG864,,
820728,Victor,Gilbert,vgilberta8@tinypic.com,Male,3UCB498,,
073148,Louis,Mccoy,lmccoya9@cyberchimps.com,Male,2BLD770,,
261065,Kathryn,Ruiz,kruizaa@php.net,Female,7OZY081,,
682129,Bonnie,Stephens,bstephensab@quantcast.com,Female,6RIG729,,
208063,Anthony,Daniels,adanielsac@gravatar.com,Male,3IUM344,,
443810,Beverly,Palmer,bpalmerad@nbcnews.com,Female,5DTH958,,
979147,Patricia,Russell,prussellae@deviantart.com,Female,9HEI762,,
877528,Larry,Howell,lhowellaf@virginia.edu,Male,9UOH388,,
699294,Lori,Gordon,lgordonag@trellian.com,Female,4ONB333,,
833315,Jean,Mendoza,jmendozaah@oaic.gov.au,Female,2CAK924,,
796751,John,Washington,jwashingtonai@bing.com,Male,2FDC077,,
848676,Heather,Miller,hmilleraj@elpais.com,Female,1MAJ864,,
610110,Sean,Gomez,sgomezak@yahoo.co.jp,Male,9NGT123,,
738562,Louis,Ray,lrayal@dagondesign.com,Male,6ZHM099,,
778684,Timothy,Henry,thenryam@sciencedirect.com,Male,0PZQ098,,
567316,Donald,Gilbert,dgilbertan@ibm.com,Male,5KME873,,
015077,Craig,Andrews,candrewsao@bbb.org,Male,6NHZ669,,
663843,Catherine,Montgomery,cmontgomeryap@hatena.ne.jp,Female,5FGV233,,
173615,Kenneth,Carpenter,kcarpenteraq@msu.edu,Male,3WDE437,,
451748,Brandon,Spencer,bspencerar@illinois.edu,Male,4OFC774,,
421259,Annie,Nichols,anicholsas@netvibes.com,Female,6ZLO959,,
477496,Jose,Gonzales,jgonzalesat@shareasale.com,Male,3ALQ859,,
237320,Kenneth,Morris,kmorrisau@state.tx.us,Male,3DCS036,,
397092,Anne,Ramos,aramosav@t.co,Female,6ZSP574,,
746243,Martha,Bailey,mbaileyaw@miitbeian.gov.cn,Female,9PVI225,,
438414,Annie,Gonzalez,agonzalezax@bluehost.com,Female,5VQZ679,,
450695,Irene,Hill,ihillay@wunderground.com,Female,5ACG288,,
862208,Victor,Lawson,vlawsonaz@spiegel.de,Male,2GLH895,,
249611,Gerald,Duncan,gduncanb0@apache.org,Male,2SYF815,,
540074,Melissa,Gomez,mgomezb1@biglobe.ne.jp,Female,3MHL983,,
796793,Brenda,Ellis,bellisb2@independent.co.uk,Female,0ZWO229,,
456771,Jean,Parker,jparkerb3@pinterest.com,Female,7AQN805,,
147925,Margaret,Watson,mwatsonb4@examiner.com,Female,5HVK402,,
990146,Cynthia,Thomas,cthomasb5@t.co,Female,1DVR448,,
554577,Kelly,Taylor,ktaylorb6@washington.edu,Female,6HYB364,,
704557,Harold,Rogers,hrogersb7@unicef.org,Male,4FDZ914,,
542888,Samuel,Fernandez,sfernandezb8@buzzfeed.com,Male,5XMS573,,
333491,Jason,Fowler,jfowlerb9@quantcast.com,Male,4SYK854,,
202041,Lois,Woods,lwoodsba@state.gov,Female,6VXN909,,
680751,Pamela,Nichols,pnicholsbb@npr.org,Female,3UYB321,,
352741,Johnny,Ortiz,jortizbc@constantcontact.com,Male,8CDZ571,,
861518,Walter,Stewart,wstewartbd@cafepress.com,Male,5AOG718,,
781391,Joe,Adams,jadamsbe@youtu.be,Male,9XPG025,,
718455,Marilyn,Stone,mstonebf@admin.ch,Female,5RPL602,,
067814,Stephen,Kelley,skelleybg@nih.gov,Male,2IKU467,,
766821,Betty,Richards,brichardsbh@bravesites.com,Female,4SWL564,,
969251,Keith,Moore,kmoorebi@printfriendly.com,Male,5JLE590,,
912873,Carol,Dixon,cdixonbj@howstuffworks.com,Female,7KVJ475,,
211504,Teresa,Roberts,trobertsbk@seesaa.net,Female,7JGT240,,
616571,Robert,Thomas,rthomasbl@jugem.jp,Male,9AMG158,,
941637,Thomas,Price,tpricebm@wufoo.com,Male,8TZR022,,
681233,Clarence,Mills,cmillsbn@dion.ne.jp,Male,8IBH357,,
334054,Donald,Simmons,dsimmonsbo@blogs.com,Male,0GXP093,,
421045,Roger,Watkins,rwatkinsbp@unblog.fr,Male,6WNZ487,,
825921,Angela,White,awhitebq@symantec.com,Female,9NPG926,,
800635,John,Burke,jburkebr@google.com.br,Male,0LKN379,,
652969,Johnny,Nguyen,jnguyenbs@state.tx.us,Male,2XYP491,,
990204,Fred,Reed,freedbt@sbwire.com,Male,1LOZ679,,
604644,Rachel,Jacobs,rjacobsbu@usgs.gov,Female,2PZA015,,
699249,Phillip,Cruz,pcruzbv@samsung.com,Male,6PYN467,,
049560,Norma,Hawkins,nhawkinsbw@skyrock.com,Female,7RYJ462,,
494916,Bobby,Brown,bbrownbx@seattletimes.com,Male,4NLW936,,
301557,Phyllis,Coleman,pcolemanby@bbc.co.uk,Female,0CAV030,,
746472,Lois,Hicks,lhicksbz@canalblog.com,Female,8EUO820,,
673000,Bobby,Banks,bbanksc0@unicef.org,Male,1YLZ254,,
283955,Joe,Weaver,jweaverc1@yelp.com,Male,3JZH063,,
231100,Mark,West,mwestc2@youtu.be,Male,1TKN928,,
231390,Jane,Clark,jclarkc3@blogspot.com,Female,7IRM379,,
752811,Gregory,Bryant,gbryantc4@edublogs.org,Male,8EKD408,,
086793,Amanda,Stevens,astevensc5@slashdot.org,Female,8FTV678,,
955899,Ryan,Jordan,rjordanc6@gmpg.org,Male,0UEO768,,
359127,Louise,Nichols,lnicholsc7@theatlantic.com,Female,8SGP697,,
088002,Angela,Edwards,aedwardsc8@moonfruit.com,Female,0EBC123,,
870705,Diane,Dixon,ddixonc9@sciencedaily.com,Female,6HUO494,,
097552,Nancy,Carr,ncarrca@unesco.org,Female,4ZHF306,,
874453,Beverly,Stevens,bstevenscb@bravesites.com,Female,2VFG628,,
630668,Richard,Moore,rmoorecc@cafepress.com,Male,0EMF880,,
626373,Mary,Perkins,mperkinscd@rediff.com,Female,5ICT350,,
454551,Adam,Reed,areedce@diigo.com,Male,2DQH508,,
416866,Wayne,Stanley,wstanleycf@paginegialle.it,Male,9IPB087,,
553615,Janice,Hawkins,jhawkinscg@netlog.com,Female,4PSC250,,
874773,Brenda,Howard,bhowardch@youtube.com,Female,3JFG336,,
040998,Philip,Bishop,pbishopci@nbcnews.com,Male,2XST268,,
403559,Victor,Lopez,vlopezcj@dyndns.org,Male,0XKI671,,
240586,Roy,Murphy,rmurphyck@so-net.ne.jp,Male,3OEK437,,
792655,Roy,King,rkingcl@so-net.ne.jp,Male,1KRB030,,
508245,Amanda,Wright,awrightcm@webeden.co.uk,Female,4UPX110,,
760731,Joe,Hall,jhallcn@oaic.gov.au,Male,4VLT270,,
853439,Billy,Daniels,bdanielsco@hao123.com,Male,7KPE758,,
032519,Melissa,Payne,mpaynecp@jalbum.net,Female,9SVU459,,
873196,Richard,Perry,rperrycq@dagondesign.com,Male,9IZN413,,
280177,Kimberly,King,kkingcr@chronoengine.com,Female,8MPJ701,,
674921,Stephen,Morris,smorriscs@i2i.jp,Male,7DHR495,,
896457,Barbara,Berry,bberryct@wisc.edu,Female,4EQF560,,
382320,Rose,Harris,rharriscu@pen.io,Female,3GPS717,,
132744,Tina,Gray,tgraycv@delicious.com,Female,8LAB443,,
781636,Lois,Porter,lportercw@jalbum.net,Female,9FDW803,,
551697,Laura,King,lkingcx@barnesandnoble.com,Female,1WRC213,,
150627,Arthur,Bryant,abryantcy@cmu.edu,Male,8CXY785,,
830320,Gary,Kelly,gkellycz@nature.com,Male,3YCB200,,
573319,Nicholas,Medina,nmedinad0@wikispaces.com,Male,7IQZ301,,
905901,Irene,Ross,irossd1@marketwatch.com,Female,7JEZ603,,
556972,Justin,Murphy,jmurphyd2@hexun.com,Male,8CTQ456,,
528304,Jennifer,Reed,jreedd3@mit.edu,Female,6DBX038,,
434292,Fred,Jenkins,fjenkinsd4@multiply.com,Male,5YDR882,,
784403,Mark,Harris,mharrisd5@twitter.com,Male,8WIT274,,
259805,Sandra,Hicks,shicksd6@istockphoto.com,Female,7BPL714,,
882661,John,Larson,jlarsond7@woothemes.com,Male,1HXG353,,
880836,Benjamin,Arnold,barnoldd8@cdc.gov,Male,9GIZ148,,
470895,Bobby,Russell,brusselld9@squarespace.com,Male,3FAX717,,
218784,Joan,Dean,jdeanda@google.de,Female,5BWK942,,
011212,Julia,Ramirez,jramirezdb@google.ru,Female,6NMI346,,
179474,Patrick,Black,pblackdc@usda.gov,Male,2YAG046,,
175381,Rebecca,Murphy,rmurphydd@canalblog.com,Female,2BUQ003,,
495836,Joseph,Stephens,jstephensde@cdbaby.com,Male,2WDM646,,
394562,Kevin,Gordon,kgordondf@shop-pro.jp,Male,7PJR335,,
916369,Judith,Dixon,jdixondg@apache.org,Female,5CLB698,,
780229,Julia,Barnes,jbarnesdh@wordpress.com,Female,5BDA397,,
809395,Marilyn,Ortiz,mortizdi@washington.edu,Female,0TAQ079,,
678825,Mark,Thompson,mthompsondj@telegraph.co.uk,Male,3FGK283,,
929729,Catherine,Murphy,cmurphydk@mayoclinic.com,Female,3YLJ016,,
138451,Patricia,Wilson,pwilsondl@posterous.com,Female,3KJV195,,
764875,Sharon,Long,slongdm@digg.com,Female,3KWG702,,
658183,Deborah,Rice,dricedn@example.com,Female,9AVG078,,
646056,Michael,Ross,mrossdo@msu.edu,Male,9CJF962,,
693456,Ashley,Young,ayoungdp@bandcamp.com,Female,6ZFL258,,
794622,Jane,Henderson,jhendersondq@yellowpages.com,Female,7CUB447,,
707606,Harold,Howell,hhowelldr@a8.net,Male,2LNH655,,
522380,Benjamin,Lynch,blynchds@reddit.com,Male,1ATH776,,
245315,Jean,James,jjamesdt@disqus.com,Female,5ZKL011,,
750710,Craig,Ramos,cramosdu@bloglines.com,Male,0SVA365,,
751248,Melissa,Alvarez,malvarezdv@fotki.com,Female,7ZCY446,,
712429,Angela,Reid,areiddw@godaddy.com,Female,3SKV663,,
097246,Christine,Armstrong,carmstrongdx@uol.com.br,Female,6KUL123,,
383424,Juan,Payne,jpaynedy@skype.com,Male,6TKB026,,
914449,Annie,Gomez,agomezdz@behance.net,Female,2AUE736,,
780021,Harry,Garrett,hgarrette0@hatena.ne.jp,Male,2HSO514,,
706084,Amanda,Bailey,abaileye1@booking.com,Female,7NYO304,,
110740,Phillip,King,pkinge2@theglobeandmail.com,Male,2PVD596,,
255356,Robin,West,rweste3@liveinternet.ru,Female,1IWE301,,
907549,Joan,Kelley,jkelleye4@vkontakte.ru,Female,3KZW171,,
750988,Pamela,Hayes,phayese5@mozilla.com,Female,8EWX659,,
030347,Henry,Sanchez,hsancheze6@alexa.com,Male,9IVP854,,
266907,Tammy,Gardner,tgardnere7@hostgator.com,Female,7UOP087,,
295543,Sara,Jordan,sjordane8@google.ca,Female,2LOP614,,
456726,Scott,Hughes,shughese9@rakuten.co.jp,Male,1PYR155,,
097501,Theresa,Diaz,tdiazea@statcounter.com,Female,7EST650,,
723080,Julie,Greene,jgreeneeb@last.fm,Female,1NEX620,,
468907,Carlos,Davis,cdavisec@topsy.com,Male,9DPX907,,
164561,Donald,Harvey,dharveyed@dyndns.org,Male,2GVA268,,
333212,Doris,Vasquez,dvasquezee@amazonaws.com,Female,3JBP130,,
877298,Emily,Palmer,epalmeref@illinois.edu,Female,5SAT152,,
694916,Rebecca,Smith,rsmitheg@businessinsider.com,Female,2HOG866,,
887984,Cheryl,Roberts,crobertseh@edublogs.org,Female,8GCT689,,
499274,Andrew,Hawkins,ahawkinsei@webmd.com,Male,4TDQ310,,
095277,Betty,Rodriguez,brodriguezej@altervista.org,Female,5VSD326,,
355013,Keith,Campbell,kcampbellek@alexa.com,Male,0RVX903,,
102488,Kathy,Graham,kgrahamel@wordpress.com,Female,0UAL160,,
734392,Jane,Johnson,jjohnsonem@walmart.com,Female,2ZSM296,,
851506,Ronald,White,rwhiteen@sun.com,Male,3KHM884,,
150763,Christina,Garza,cgarzaeo@geocities.com,Female,8GZM191,,
909222,Rebecca,Carter,rcarterep@thetimes.co.uk,Female,1ZJT460,,
951178,Nicole,Campbell,ncampbelleq@privacy.gov.au,Female,9ZWB971,,
426289,Theresa,Dixon,tdixoner@army.mil,Female,8RZJ977,,
845214,Sharon,Ray,srayes@typepad.com,Female,6QAO027,,
813929,Ann,Burton,aburtonet@unicef.org,Female,7XKM383,,
046610,Sharon,Cook,scookeu@zdnet.com,Female,4TKR033,,
789980,Laura,Gilbert,lgilbertev@xinhuanet.com,Female,3SKD887,,
547432,John,Mills,jmillsew@archive.org,Male,9YFO269,,
513758,Terry,Holmes,tholmesex@freewebs.com,Male,4VAZ747,,
942459,Christopher,Olson,colsoney@angelfire.com,Male,2SLF847,,
912636,Mildred,Richardson,mrichardsonez@ask.com,Female,1YTM316,,
056588,Gary,Boyd,gboydf0@washingtonpost.com,Male,0GMN110,,
357275,Patricia,Stephens,pstephensf1@netscape.com,Female,9OGX598,,
891493,Jack,Jacobs,jjacobsf2@bloglovin.com,Male,6UKB166,,
252478,Robert,Harris,rharrisf3@mediafire.com,Male,6HUJ246,,
542969,Walter,Brooks,wbrooksf4@netlog.com,Male,8YVM144,,
989086,Michael,Bishop,mbishopf5@forbes.com,Male,1ZQI323,,
190208,Michael,Miller,mmillerf6@dyndns.org,Male,8NOU162,,
408984,Juan,Ward,jwardf7@reference.com,Male,8ZVI026,,
998187,Ann,Jacobs,ajacobsf8@apple.com,Female,4AUX320,,
080111,Anna,Sanchez,asanchezf9@dell.com,Female,7MSG117,,
780909,Roger,Wright,rwrightfa@prweb.com,Male,6FAP303,,
214399,Judith,Gomez,jgomezfb@seattletimes.com,Female,2CNH577,,
916978,Rebecca,Simmons,rsimmonsfc@google.pl,Female,8KXZ182,,
864904,Jessica,West,jwestfd@kickstarter.com,Female,8ZPX924,,
829891,Jeffrey,Montgomery,jmontgomeryfe@last.fm,Male,9CWZ777,,
198577,Shirley,Willis,swillisff@vistaprint.com,Female,4HGX023,,
321362,Nancy,Coleman,ncolemanfg@forbes.com,Female,7QWF221,,
373902,Jimmy,Shaw,jshawfh@1688.com,Male,6AIC679,,
676805,Martha,Ruiz,mruizfi@reference.com,Female,1ZYI621,,
852708,Howard,Green,hgreenfj@nymag.com,Male,7ZBV538,,
857179,Judy,Willis,jwillisfk@dagondesign.com,Female,9CQO908,,
962972,Roger,Hunt,rhuntfl@princeton.edu,Male,3LIB058,,
518072,Doris,Pierce,dpiercefm@rambler.ru,Female,4NHK770,,
720901,David,Palmer,dpalmerfn@amazon.de,Male,9TQL426,,
792317,Ann,Berry,aberryfo@cdbaby.com,Female,7WFB876,,
342228,Arthur,Banks,abanksfp@storify.com,Male,4LNE455,,
217939,Diane,George,dgeorgefq@mapquest.com,Female,0UNQ369,,
789393,Juan,Hughes,jhughesfr@addtoany.com,Male,4ZPO906,,
614853,Lisa,Nelson,lnelsonfs@auda.org.au,Female,7VOU651,,
247067,Joan,Hughes,jhughesft@friendfeed.com,Female,3JAX228,,
911910,Christina,Porter,cporterfu@un.org,Female,7JSG666,,
921069,Irene,Patterson,ipattersonfv@etsy.com,Female,9OZG453,,
432399,Susan,Henry,shenryfw@freewebs.com,Female,6BXL298,,
150718,Gerald,Marshall,gmarshallfx@nbcnews.com,Male,1PJI425,,
180237,Thomas,Campbell,tcampbellfy@google.ca,Male,5SDG810,,
630196,Judy,Carr,jcarrfz@nih.gov,Female,8RQD710,,
060628,Amanda,Robinson,arobinsong0@nbcnews.com,Female,5LOF804,,
082231,Beverly,Lee,bleeg1@sciencedaily.com,Female,7FHQ181,,
524300,Russell,Butler,rbutlerg2@privacy.gov.au,Male,2DKT465,,
771598,Patricia,Hawkins,phawkinsg3@state.gov,Female,6GRL826,,
542862,Steve,Hicks,shicksg4@technorati.com,Male,4YRZ561,,
102624,Kenneth,Dunn,kdunng5@mozilla.org,Male,7RWF229,,
072385,Doris,Davis,ddavisg6@dedecms.com,Female,3AIR244,,
388817,Terry,Franklin,tfrankling7@arizona.edu,Male,9BJU096,,
405231,Patrick,Bowman,pbowmang8@dion.ne.jp,Male,6KUW608,,
113405,Patrick,Perez,pperezg9@usatoday.com,Male,0AUI393,,
509177,Deborah,Brooks,dbrooksga@oakley.com,Female,6CME789,,
523351,Roger,Gardner,rgardnergb@blogspot.com,Male,7QRJ427,,
871829,Joe,Wallace,jwallacegc@hc360.com,Male,5YAN163,,
042666,Frances,Morrison,fmorrisongd@google.de,Female,8FAU093,,
491183,Karen,Smith,ksmithge@umn.edu,Female,7BXT589,,
504675,Frank,Knight,fknightgf@google.de,Male,0XTU329,,
590458,Joseph,Ruiz,jruizgg@wikimedia.org,Male,5MNQ283,,
183102,Jonathan,Barnes,jbarnesgh@upenn.edu,Male,2LNZ398,,
991511,Michelle,Butler,mbutlergi@wix.com,Female,7PFR046,,
160623,Cynthia,Moore,cmooregj@posterous.com,Female,9JAB637,,
441808,Patricia,Kim,pkimgk@ovh.net,Female,1XSQ989,,
107810,Kathryn,Morrison,kmorrisongl@arizona.edu,Female,8BEW125,,
743071,Dennis,Clark,dclarkgm@wp.com,Male,2AJQ315,,
988450,Nicholas,Williams,nwilliamsgn@goodreads.com,Male,2WRS966,,
468059,Samuel,Brown,sbrowngo@paypal.com,Male,5PHY595,,
536681,Robert,Evans,revansgp@wufoo.com,Male,9VFY744,,
000663,Steven,Schmidt,sschmidtgq@networkadvertising.org,Male,5GRE402,,
746873,Brenda,Green,bgreengr@vkontakte.ru,Female,2KPD639,,
841174,Tina,Lawson,tlawsongs@dyndns.org,Female,4LKT709,,
739427,Sean,Martin,smartingt@globo.com,Male,0LRK982,,
402504,Marilyn,Anderson,mandersongu@slashdot.org,Female,4OSP213,,
385664,Terry,Cole,tcolegv@fastcompany.com,Male,2TKP418,,
711056,Louise,Bishop,lbishopgw@mail.ru,Female,3VYH963,,
884165,Paul,Burke,pburkegx@hostgator.com,Male,0PQZ429,,
359005,Kathy,Perry,kperrygy@wikipedia.org,Female,9VCK123,,
322437,Marie,Ellis,mellisgz@usgs.gov,Female,1XCW354,,
494113,Christina,Cooper,ccooperh0@patch.com,Female,9QGR902,,
284336,Jeremy,Mills,jmillsh1@furl.net,Male,8POE762,,
067702,Stephen,Dean,sdeanh2@hud.gov,Male,6UFT561,,
868788,Patricia,Flores,pfloresh3@1und1.de,Female,3TCX057,,
239769,Martin,Dunn,mdunnh4@redcross.org,Male,9WBU360,,
732290,Kimberly,Bennett,kbennetth5@symantec.com,Female,3EWV904,,
481675,Amy,Hunter,ahunterh6@google.co.uk,Female,5KAN830,,
685398,Aaron,Ramos,aramosh7@aol.com,Male,8KJY085,,
932910,Richard,Carroll,rcarrollh8@sitemeter.com,Male,6HZA801,,
001752,Carlos,Myers,cmyersh9@samsung.com,Male,5XZC815,,
815058,Julie,Ford,jfordha@amazon.com,Female,9TPQ297,,
384160,Billy,Hart,bharthb@so-net.ne.jp,Male,0KAR606,,
712561,Charles,Fisher,cfisherhc@google.pl,Male,8JAI677,,
907405,Jose,Jordan,jjordanhd@vimeo.com,Male,4VMZ603,,
251552,Joyce,Martinez,jmartinezhe@spiegel.de,Female,2RTB025,,
212499,Marilyn,Harvey,mharveyhf@mtv.com,Female,7WHA849,,
894514,Joseph,Hughes,jhugheshg@twitter.com,Male,2HRO209,,
027278,Bobby,Hall,bhallhh@bing.com,Male,3LWO385,,
385854,Shawn,Ward,swardhi@prnewswire.com,Male,6ZQE371,,
052094,Donald,Howard,dhowardhj@shutterfly.com,Male,0WXO037,,
086716,Martha,Carpenter,mcarpenterhk@va.gov,Female,2ZES234,,
523021,Lillian,Murray,lmurrayhl@360.cn,Female,5LWD965,,
834322,Billy,Wagner,bwagnerhm@smugmug.com,Male,2OFL682,,
608874,Todd,Rose,trosehn@dagondesign.com,Male,5YTI724,,
385345,Kathryn,Gomez,kgomezho@addthis.com,Female,0TGH705,,
895172,Nancy,Matthews,nmatthewshp@hugedomains.com,Female,2RXI597,,
813232,Jessica,Harrison,jharrisonhq@tmall.com,Female,4XSR105,,
874795,Sarah,Rodriguez,srodriguezhr@com.com,Female,7IAV188,,
144128,Scott,Larson,slarsonhs@miitbeian.gov.cn,Male,5VPY512,,
731711,Joyce,Oliver,joliverht@time.com,Female,7KMN604,,
882022,Rachel,Chapman,rchapmanhu@last.fm,Female,5ETQ828,,
679647,Jane,Palmer,jpalmerhv@simplemachines.org,Female,4VNR843,,
768443,Martin,Stewart,mstewarthw@npr.org,Male,8IFC693,,
231307,Bruce,Mills,bmillshx@fastcompany.com,Male,8HNJ387,,
815071,Arthur,Harvey,aharveyhy@wordpress.com,Male,0XGQ720,,
675075,Brian,Evans,bevanshz@un.org,Male,3JXV550,,
834545,Eric,Dean,edeani0@soundcloud.com,Male,2UQZ484,,
384107,Thomas,Anderson,tandersoni1@nature.com,Male,2FXO460,,
831756,Craig,Willis,cwillisi2@github.com,Male,3TNK297,,
306062,Charles,Jackson,cjacksoni3@soundcloud.com,Male,0OYK157,,
160836,Ernest,Gardner,egardneri4@goo.ne.jp,Male,9HNP738,,
193448,Donna,Bowman,dbowmani5@privacy.gov.au,Female,9XFA582,,
424064,Carol,Austin,caustini6@shinystat.com,Female,2HFR868,,
704040,Jesse,Montgomery,jmontgomeryi7@wix.com,Male,1SOI740,,
367844,Judith,Kennedy,jkennedyi8@patch.com,Female,0TAU302,,
984784,Howard,Sims,hsimsi9@ovh.net,Male,9ZOQ616,,
834513,Douglas,Hawkins,dhawkinsia@un.org,Male,3HSE406,,
558117,Melissa,Burton,mburtonib@nasa.gov,Female,4ZGO650,,
412794,Helen,Grant,hgrantic@salon.com,Female,7VLN972,,
020153,David,Garcia,dgarciaid@hhs.gov,Male,2XSJ088,,
516961,Roy,Hudson,rhudsonie@123-reg.co.uk,Male,2SRT716,,
960879,Doris,Schmidt,dschmidtif@edublogs.org,Female,1JHV662,,
085636,Carol,Gibson,cgibsonig@weebly.com,Female,0KPF984,,
150724,Jerry,Ramos,jramosih@techcrunch.com,Male,4ESG582,,
131911,Philip,Garrett,pgarrettii@paginegialle.it,Male,9TJO671,,
390834,Steven,Stewart,sstewartij@odnoklassniki.ru,Male,1ZDK321,,
632051,Daniel,Simpson,dsimpsonik@telegraph.co.uk,Male,6EOI641,,
429185,Jose,Lane,jlaneil@oakley.com,Male,1XJE741,,
506421,Wayne,Lee,wleeim@ibm.com,Male,3MQO026,,
524537,Jacqueline,Tucker,jtuckerin@instagram.com,Female,9XNE608,,
209117,Charles,Evans,cevansio@cafepress.com,Male,0HBU070,,
751882,Brandon,Fields,bfieldsip@nydailynews.com,Male,4YRG441,,
467666,Beverly,Hamilton,bhamiltoniq@google.com.au,Female,4KAP937,,
748612,Antonio,Rose,aroseir@soundcloud.com,Male,4TFH118,,
139083,Harry,Myers,hmyersis@intel.com,Male,1BDA694,,
023092,Kevin,Foster,kfosterit@dagondesign.com,Male,7FIC356,,
403641,Frank,Henderson,fhendersoniu@kickstarter.com,Male,0PHX673,,
700144,Ralph,George,rgeorgeiv@slashdot.org,Male,3WNJ704,,
037728,Maria,Daniels,mdanielsiw@symantec.com,Female,1MNF747,,
885044,Louise,Lopez,llopezix@alibaba.com,Female,2ERF777,,
213252,Sarah,Bowman,sbowmaniy@zdnet.com,Female,2JRE458,,
133975,Mildred,Jenkins,mjenkinsiz@cornell.edu,Female,8WUA482,,
200580,Melissa,Wright,mwrightj0@ameblo.jp,Female,5UBI800,,
799660,Ryan,Boyd,rboydj1@apache.org,Male,5EGN689,,
841211,Harry,Griffin,hgriffinj2@statcounter.com,Male,0CHY789,,
030033,Susan,Welch,swelchj3@free.fr,Female,6BWG316,,
655362,Judy,Peters,jpetersj4@ovh.net,Female,2EMT437,,
850800,Jeremy,Walker,jwalkerj5@usatoday.com,Male,7TED177,,
959880,Cheryl,Perry,cperryj6@hexun.com,Female,1KTX601,,
994811,Donna,Robertson,drobertsonj7@livejournal.com,Female,4NVL128,,
345170,Christopher,Davis,cdavisj8@github.io,Male,2CFD196,,
439308,Sean,Lynch,slynchj9@hc360.com,Male,4GCQ492,,
578795,Sara,Perkins,sperkinsja@mapquest.com,Female,8UXC353,,
440704,Diana,Spencer,dspencerjb@wiley.com,Female,9VUX124,,
407091,Alice,Myers,amyersjc@nationalgeographic.com,Female,5DXH865,,
706464,Denise,Carter,dcarterjd@irs.gov,Female,9EWB323,,
267544,Wayne,Bishop,wbishopje@timesonline.co.uk,Male,2WTS675,,
061437,Frank,Holmes,fholmesjf@zimbio.com,Male,9DOW464,,
164704,Carolyn,James,cjamesjg@forbes.com,Female,8GVC789,,
359734,Margaret,Burke,mburkejh@gnu.org,Female,0NQX101,,
100463,Willie,Hayes,whayesji@dmoz.org,Male,3HKA533,,
981545,Amanda,Gordon,agordonjj@vistaprint.com,Female,9PAJ130,,
591615,Nicole,Nichols,nnicholsjk@bravesites.com,Female,4NXV759,,
116035,Gerald,Gutierrez,ggutierrezjl@state.gov,Male,8JNQ405,,
936006,Ann,Simpson,asimpsonjm@microsoft.com,Female,1MZA801,,
915915,Debra,Russell,drusselljn@youtu.be,Female,1MAI589,,
000968,Larry,Garza,lgarzajo@cmu.edu,Male,8GVL890,,
674931,Todd,Vasquez,tvasquezjp@google.com.br,Male,0SJT049,,
024157,Russell,Elliott,relliottjq@nih.gov,Male,1GQS531,,
714729,Gloria,Austin,gaustinjr@goo.ne.jp,Female,1SLQ912,,
576503,Arthur,Thompson,athompsonjs@github.io,Male,8LHX848,,
772739,Gloria,Perez,gperezjt@51.la,Female,8KEV376,,
984769,Doris,Lee,dleeju@vinaora.com,Female,5NIX347,,
993102,Scott,Wheeler,swheelerjv@oracle.com,Male,5TIC539,,
170057,Gary,Armstrong,garmstrongjw@cisco.com,Male,6NDC680,,
173104,Andrea,Reid,areidjx@csmonitor.com,Female,2IVX138,,
712737,Debra,Murphy,dmurphyjy@house.gov,Female,1LYQ559,,
809246,Wayne,Reed,wreedjz@yale.edu,Male,9QSH128,,
983788,Kenneth,Black,kblackk0@arizona.edu,Male,6BYJ401,,
244478,Gary,Rivera,griverak1@home.pl,Male,7SHT949,,
863785,Tammy,Mcdonald,tmcdonaldk2@squidoo.com,Female,0BMO858,,
351289,Judith,Freeman,jfreemank3@wsj.com,Female,8VYJ565,,
090543,Judy,Crawford,jcrawfordk4@twitter.com,Female,6KNC007,,
983982,Robert,Castillo,rcastillok5@desdev.cn,Male,3WKH863,,
199639,Louis,Olson,lolsonk6@pinterest.com,Male,4NYL029,,
171326,Shawn,White,swhitek7@tuttocitta.it,Male,1CPT955,,
378432,Ashley,Stone,astonek8@nationalgeographic.com,Female,0ZHM590,,
614649,Chris,Powell,cpowellk9@epa.gov,Male,6HSI649,,
761614,Wanda,Fowler,wfowlerka@twitpic.com,Female,7PYZ501,,
578691,Kevin,Dunn,kdunnkb@shinystat.com,Male,9DHS265,,
655929,Mary,Ramos,mramoskc@kickstarter.com,Female,9ZQB651,,
714926,Laura,Griffin,lgriffinkd@mtv.com,Female,6QGZ681,,
806797,Jean,Powell,jpowellke@wikipedia.org,Female,2YHJ139,,
492515,Dennis,Smith,dsmithkf@usa.gov,Male,0PAC280,,
237343,Carlos,Morales,cmoraleskg@dedecms.com,Male,1SEK384,,
810097,Michael,Johnston,mjohnstonkh@webmd.com,Male,2VDB027,,
496363,Marilyn,Burke,mburkeki@alexa.com,Female,5KAZ823,,
124371,Kenneth,Porter,kporterkj@yahoo.com,Male,9OLT288,,
976417,Gregory,Hanson,ghansonkk@rediff.com,Male,0WTM991,,
553887,Bobby,Collins,bcollinskl@cyberchimps.com,Male,0ILH658,,
217138,Jose,Martinez,jmartinezkm@microsoft.com,Male,3NXK765,,
643635,Lawrence,Lopez,llopezkn@ovh.net,Male,7LTC931,,
814115,Tammy,Jackson,tjacksonko@myspace.com,Female,3WTA393,,
583907,Jane,Foster,jfosterkp@google.co.uk,Female,7IQT537,,
530434,Shawn,Simpson,ssimpsonkq@cyberchimps.com,Male,0BVS043,,
268911,Brian,Taylor,btaylorkr@stumbleupon.com,Male,2EOX843,,
203191,Louise,Wilson,lwilsonks@canalblog.com,Female,9YAK611,,
737236,Denise,Roberts,drobertskt@seesaa.net,Female,8USL613,,
708492,Bonnie,Fisher,bfisherku@house.gov,Female,9FNY551,,
708352,Janet,Snyder,jsnyderkv@washingtonpost.com,Female,7PHK173,,
147898,Steven,Nguyen,snguyenkw@adobe.com,Male,0XAZ370,,
664275,Joseph,Knight,jknightkx@ezinearticles.com,Male,3ESB101,,
071464,Cynthia,Parker,cparkerky@cbc.ca,Female,0BAL102,,
748298,Bobby,Stevens,bstevenskz@home.pl,Male,5IRZ327,,
558775,Beverly,Ramos,bramosl0@comsenz.com,Female,3CMA722,,
431098,Diana,Gilbert,dgilbertl1@phoca.cz,Female,9OVA382,,
511731,Rachel,Fields,rfieldsl2@shareasale.com,Female,9EKP503,,
571156,Louise,Berry,lberryl3@ihg.com,Female,3VWT374,,
554115,Steven,Alvarez,salvarezl4@google.ca,Male,3SDI187,,
674741,Joan,Fields,jfieldsl5@uol.com.br,Female,2QOA902,,
558498,Earl,Ortiz,eortizl6@is.gd,Male,9JLS821,,
778021,Deborah,Davis,ddavisl7@nyu.edu,Female,8OYR101,,
263581,Laura,Morales,lmoralesl8@salon.com,Female,8PSD493,,
951829,Keith,Vasquez,kvasquezl9@nytimes.com,Male,7NKX933,,
246249,Eric,Grant,egrantla@pen.io,Male,5OIN209,,
295079,Samuel,Fuller,sfullerlb@ning.com,Male,8YMW714,,
113774,Earl,Garrett,egarrettlc@hibu.com,Male,1ZSG457,,
088493,Russell,Cruz,rcruzld@go.com,Male,6QZD094,,
363200,Stephen,Garrett,sgarrettle@networksolutions.com,Male,4SNX234,,
039537,Christopher,Hudson,chudsonlf@wufoo.com,Male,3MLW231,,
159465,Gloria,Mason,gmasonlg@dell.com,Female,7GRA158,,
421884,Kevin,Lane,klanelh@yahoo.co.jp,Male,1QAD755,,
292738,Louise,Fields,lfieldsli@ox.ac.uk,Female,1JUX090,,
159017,Ernest,Frazier,efrazierlj@arizona.edu,Male,8BYO348,,
450977,Carlos,Shaw,cshawlk@icq.com,Male,0ECM788,,
819115,Joseph,Nelson,jnelsonll@goo.ne.jp,Male,7MBX755,,
169353,Steve,Robinson,srobinsonlm@upenn.edu,Male,1WUO350,,
793674,Alice,Hall,ahallln@ebay.co.uk,Female,5HDC111,,
033275,Antonio,Kelley,akelleylo@cbc.ca,Male,7YER047,,
642939,Elizabeth,Young,eyounglp@biblegateway.com,Female,1IZJ042,,
902378,Louise,Ellis,lellislq@cdc.gov,Female,7AYG760,,
538283,David,Warren,dwarrenlr@example.com,Male,0QHX069,,
226121,Thomas,Crawford,tcrawfordls@about.me,Male,0YLC823,,
752720,Joe,Ramirez,jramirezlt@about.com,Male,0GUI101,,
166819,Richard,Butler,rbutlerlu@oakley.com,Male,5NAZ672,,
093621,Raymond,Spencer,rspencerlv@geocities.jp,Male,4ZPM975,,
143411,Antonio,Woods,awoodslw@nationalgeographic.com,Male,4NPM589,,
881283,Patricia,Gilbert,pgilbertlx@360.cn,Female,3RVS859,,
198861,Carl,Dixon,cdixonly@elpais.com,Male,7YJM515,,
555755,Christopher,Mendoza,cmendozalz@google.ca,Male,4XQG934,,
223149,Fred,Clark,fclarkm0@pinterest.com,Male,5GXL222,,
861880,Steve,Anderson,sandersonm1@cdc.gov,Male,1KGL956,,
421636,Juan,Carpenter,jcarpenterm2@sphinn.com,Male,3UCA725,,
634984,Melissa,Freeman,mfreemanm3@creativecommons.org,Female,6YMH094,,
781658,Judith,Wilson,jwilsonm4@1688.com,Female,3DUE568,,
299086,Shirley,Nguyen,snguyenm5@bandcamp.com,Female,0XAB145,,
679810,Michael,Peters,mpetersm6@linkedin.com,Male,1OPB984,,
530962,Catherine,Cole,ccolem7@forbes.com,Female,8ILN237,,
460010,Jesse,Mcdonald,jmcdonaldm8@sbwire.com,Male,8VRQ963,,
981688,Donna,Gonzalez,dgonzalezm9@buzzfeed.com,Female,6TEA207,,
345208,Amy,Hayes,ahayesma@princeton.edu,Female,6UCA741,,
161315,Catherine,Gomez,cgomezmb@biblegateway.com,Female,9WOR178,,
700393,Brian,Arnold,barnoldmc@chicagotribune.com,Male,7PFS937,,
581771,Joyce,Meyer,jmeyermd@webeden.co.uk,Female,7TEC615,,
586736,Kathy,Hall,khallme@cargocollective.com,Female,0BCL646,,
727676,Jesse,Gardner,jgardnermf@163.com,Male,7UMV986,,
853625,Billy,Welch,bwelchmg@virginia.edu,Male,2EWK772,,
515801,Antonio,Wagner,awagnermh@ifeng.com,Male,6STV692,,
726664,James,Morrison,jmorrisonmi@europa.eu,Male,7PVW838,,
687250,Marilyn,Bradley,mbradleymj@rediff.com,Female,0WNA047,,
345195,Paul,Montgomery,pmontgomerymk@wordpress.com,Male,4DFV514,,
470660,Amy,Rivera,ariveraml@fotki.com,Female,8QYF293,,
635425,Timothy,Freeman,tfreemanmm@bluehost.com,Male,0HVW534,,
906324,Joe,Cooper,jcoopermn@over-blog.com,Male,8AMX806,,
306539,Jacqueline,Williams,jwilliamsmo@bbb.org,Female,9PJT390,,
498583,Ann,Hughes,ahughesmp@uiuc.edu,Female,5HSF007,,
243091,Harry,Harrison,hharrisonmq@hexun.com,Male,6VPT851,,
500276,Gloria,Gordon,ggordonmr@devhub.com,Female,3JRP840,,
171610,Heather,Austin,haustinms@marketwatch.com,Female,6KZD187,,
064414,Pamela,Perkins,pperkinsmt@macromedia.com,Female,3LEX727,,
215051,Sara,Palmer,spalmermu@aboutads.info,Female,3CFB987,,
185017,Ruth,Sullivan,rsullivanmv@wp.com,Female,2USW808,,
161282,Jeremy,Roberts,jrobertsmw@umn.edu,Male,9KMP783,,
863829,Juan,Hicks,jhicksmx@simplemachines.org,Male,2HCK731,,
963271,David,Hunt,dhuntmy@desdev.cn,Male,5XDI283,,
607706,Ann,Wilson,awilsonmz@t-online.de,Female,8EGF721,,
410983,Michelle,Roberts,mrobertsn0@naver.com,Female,6LBI174,,
279760,Carolyn,Frazier,cfraziern1@illinois.edu,Female,4LXU276,,
453972,Katherine,Edwards,kedwardsn2@uol.com.br,Female,3SAK934,,
137904,Adam,Franklin,afranklinn3@live.com,Male,2YTS966,,
591766,Donna,Hernandez,dhernandezn4@sfgate.com,Female,4ITY006,,
410893,Gloria,Lee,gleen5@dion.ne.jp,Female,9WHG965,,
732781,Ann,Schmidt,aschmidtn6@state.gov,Female,0KRC654,,
659867,Emily,Cox,ecoxn7@hibu.com,Female,2NHK049,,
265794,Samuel,Gonzalez,sgonzalezn8@creativecommons.org,Male,5CPQ907,,
849810,Rachel,Moreno,rmorenon9@altervista.org,Female,7XJH579,,
632249,Willie,Wells,wwellsna@nature.com,Male,7MIA535,,
025234,Laura,Larson,llarsonnb@wiley.com,Female,0SOY290,,
992990,Janice,Chavez,jchaveznc@cbsnews.com,Female,9WEA205,,
922391,Randy,Romero,rromerond@yolasite.com,Male,1BJR944,,
998862,Jonathan,Hart,jhartne@yahoo.com,Male,4XUV098,,
357622,Raymond,Murphy,rmurphynf@sourceforge.net,Male,0IAT588,,
978109,Lori,Ryan,lryanng@gravatar.com,Female,7HNJ106,,
788886,Eric,Henderson,ehendersonnh@123-reg.co.uk,Male,3KLR022,,
792851,James,Wheeler,jwheelerni@xinhuanet.com,Male,0OIP164,,
852806,Heather,Henry,hhenrynj@barnesandnoble.com,Female,6FRA653,,
390315,Mildred,Woods,mwoodsnk@creativecommons.org,Female,0DAN187,,
088516,Henry,Rodriguez,hrodrigueznl@github.com,Male,7VAO593,,
357179,Albert,Carr,acarrnm@theguardian.com,Male,5EXG491,,
803306,Lawrence,Vasquez,lvasqueznn@liveinternet.ru,Male,8ORQ495,,
341652,Heather,Holmes,hholmesno@freewebs.com,Female,7LXN895,,
702409,Rachel,Lee,rleenp@acquirethisname.com,Female,4RXI714,,
487728,Charles,Richards,crichardsnq@yolasite.com,Male,0PKM386,,
345745,Billy,Gibson,bgibsonnr@webnode.com,Male,6TLA333,,
906629,Keith,Cook,kcookns@cargocollective.com,Male,2KOY271,,
631662,Bobby,Owens,bowensnt@jimdo.com,Male,2DFH181,,
317641,Kathy,Willis,kwillisnu@angelfire.com,Female,1OCM378,,
219164,Lori,Morales,lmoralesnv@live.com,Female,0OQL984,,
407967,Larry,Shaw,lshawnw@elegantthemes.com,Male,7KSF250,,
435381,Gary,Fernandez,gfernandeznx@miibeian.gov.cn,Male,9UMR435,,
944326,Gregory,Hernandez,ghernandezny@jimdo.com,Male,8LHZ243,,
423298,Virginia,Snyder,vsnydernz@ebay.com,Female,3WBR635,,
846750,Carolyn,Coleman,ccolemano0@cbc.ca,Female,8QFD792,,
939192,Henry,Reid,hreido1@imageshack.us,Male,2BHL263,,
013843,George,Fox,gfoxo2@ebay.co.uk,Male,9LPQ383,,
766581,Carolyn,Gardner,cgardnero3@dedecms.com,Female,3URG253,,
771829,Joan,Castillo,jcastilloo4@illinois.edu,Female,8OWK445,,
528591,Gregory,Sanchez,gsanchezo5@upenn.edu,Male,9BFL400,,
829300,Lawrence,Ramirez,lramirezo6@github.io,Male,7KCL171,,
007739,Walter,Bell,wbello7@reverbnation.com,Male,0UVI856,,
117383,Ruby,Willis,rwilliso8@goo.ne.jp,Female,9JRD685,,
809225,Earl,Ramos,eramoso9@mozilla.org,Male,5OBS447,,
142217,Andrea,Howard,ahowardoa@wordpress.org,Female,3CFB542,,
657514,Christina,Ruiz,cruizob@digg.com,Female,0JRP423,,
525788,Aaron,Hayes,ahayesoc@buzzfeed.com,Male,0WXE781,,
750329,Carol,Schmidt,cschmidtod@w3.org,Female,5BNA685,,
188979,Margaret,Duncan,mduncanoe@webmd.com,Female,2BNG004,,
376056,James,Bowman,jbowmanof@pen.io,Male,3VNE681,,
429037,Joseph,Gilbert,jgilbertog@icio.us,Male,3VBA093,,
717175,Mildred,Evans,mevansoh@phoca.cz,Female,3EML534,,
874735,Craig,Pierce,cpierceoi@latimes.com,Male,2RSE689,,
328532,Russell,Hudson,rhudsonoj@umn.edu,Male,4AXI970,,
093707,Victor,Henry,vhenryok@nyu.edu,Male,8OYC073,,
695445,Paula,Harris,pharrisol@trellian.com,Female,9OEZ203,,
307455,Stephanie,Gomez,sgomezom@constantcontact.com,Female,4DTH431,,
377826,Barbara,Dean,bdeanon@ning.com,Female,3RWQ401,,
357028,Carolyn,Jackson,cjacksonoo@clickbank.net,Female,1HCB591,,
580188,Pamela,Gonzales,pgonzalesop@github.io,Female,4WTD914,,
409521,Ruth,Fields,rfieldsoq@photobucket.com,Female,5DPI683,,
979513,Jane,Burton,jburtonor@opensource.org,Female,5AXZ928,,
127316,Ruth,Nguyen,rnguyenos@umn.edu,Female,9FQI568,,
084272,Carlos,Martin,cmartinot@rambler.ru,Male,5TDA837,,
625362,Susan,Hunt,shuntou@blogspot.com,Female,5VYH727,,
879640,Janice,Hunter,jhunterov@meetup.com,Female,5RFU091,,
869162,Alan,Hayes,ahayesow@bravesites.com,Male,4EAV481,,
054640,Kenneth,Mason,kmasonox@linkedin.com,Male,6ZKJ580,,
463785,Todd,Wells,twellsoy@hc360.com,Male,1VKC980,,
511321,Ronald,Jacobs,rjacobsoz@theglobeandmail.com,Male,1ALW184,,
589466,Peter,Jackson,pjacksonp0@huffingtonpost.com,Male,3MKO267,,
566302,Martin,Fowler,mfowlerp1@ucla.edu,Male,3KLY807,,
321509,Terry,Garcia,tgarciap2@amazon.co.jp,Male,7QRL381,,
880287,Raymond,Murphy,rmurphyp3@vimeo.com,Male,5TNR149,,
991510,Jacqueline,Adams,jadamsp4@sphinn.com,Female,6ICF569,,
996362,Bonnie,Hart,bhartp5@bandcamp.com,Female,0EOU473,,
451316,Jennifer,Thompson,jthompsonp6@istockphoto.com,Female,7FMQ247,,
917641,Carlos,Day,cdayp7@mac.com,Male,9NMV258,,
943984,Louise,Williams,lwilliamsp8@businessinsider.com,Female,0AIX570,,
346188,Harold,Howell,hhowellp9@blinklist.com,Male,1IWS653,,
316381,Kelly,Montgomery,kmontgomerypa@kickstarter.com,Female,8XLV085,,
717584,Charles,Austin,caustinpb@stanford.edu,Male,3DRE540,,
852336,Elizabeth,Moore,emoorepc@newsvine.com,Female,8IWG171,,
323196,Benjamin,Bennett,bbennettpd@mac.com,Male,3EXL617,,
816089,Douglas,Arnold,darnoldpe@domainmarket.com,Male,5FWV875,,
945303,Donald,Johnston,djohnstonpf@pcworld.com,Male,8ZCL134,,
856565,Craig,Kelley,ckelleypg@cmu.edu,Male,4ZIH428,,
791689,Jimmy,Porter,jporterph@google.pl,Male,6XEQ332,,
020311,Rebecca,Webb,rwebbpi@mediafire.com,Female,3KAF367,,
637012,Frances,Garrett,fgarrettpj@xrea.com,Female,5OUR954,,
208442,Russell,Wagner,rwagnerpk@tripod.com,Male,4SVZ525,,
033705,Joseph,Bryant,jbryantpl@clickbank.net,Male,2KFS996,,
967337,Todd,Murphy,tmurphypm@wp.com,Male,9YXP284,,
854749,Henry,Banks,hbankspn@unicef.org,Male,1XUV212,,
667121,Raymond,Fields,rfieldspo@mail.ru,Male,9PWO744,,
395736,Ruth,Berry,rberrypp@imdb.com,Female,0KMD530,,
367891,Phyllis,Cruz,pcruzpq@howstuffworks.com,Female,7KUT519,,
126794,Ernest,Hughes,ehughespr@fda.gov,Male,6HVP045,,
282835,Louis,Carr,lcarrps@tinypic.com,Male,6MRC983,,
466607,Frances,Stevens,fstevenspt@goodreads.com,Female,7RLV887,,
768418,Ruth,Olson,rolsonpu@sciencedaily.com,Female,5UNO986,,
574666,Gerald,Gonzales,ggonzalespv@cafepress.com,Male,2VXW541,,
663899,Bobby,Woods,bwoodspw@bloglovin.com,Male,3ZBH351,,
419529,Donald,Torres,dtorrespx@live.com,Male,2TUE688,,
075761,Janice,Cox,jcoxpy@typepad.com,Female,8KHY857,,
135920,Julie,Hernandez,jhernandezpz@globo.com,Female,0WHU876,,
104288,Carl,Johnston,cjohnstonq0@hc360.com,Male,8IZK353,,
523836,Peter,Daniels,pdanielsq1@indiegogo.com,Male,4NCJ626,,
850011,Nancy,Williams,nwilliamsq2@wikia.com,Female,2HIC001,,
702967,Robin,Anderson,randersonq3@themeforest.net,Female,4BLK082,,
579998,Albert,Bell,abellq4@acquirethisname.com,Male,2JXR858,,
963976,Aaron,Frazier,afrazierq5@arizona.edu,Male,0BAP959,,
780328,Clarence,Dean,cdeanq6@mysql.com,Male,2JIN586,,
172369,Joe,Davis,jdavisq7@oracle.com,Male,4AYD867,,
967571,Henry,Reed,hreedq8@gizmodo.com,Male,4OFU204,,
776174,Samuel,Perez,sperezq9@youku.com,Male,0DRT770,,
581321,Frances,Garza,fgarzaqa@ovh.net,Female,6NMY734,,
510251,Tina,Moreno,tmorenoqb@wufoo.com,Female,3JZY987,,
306800,Robin,Butler,rbutlerqc@dell.com,Female,4TQE896,,
302807,Dorothy,Hamilton,dhamiltonqd@paginegialle.it,Female,0IOQ324,,
459614,William,Chavez,wchavezqe@google.ca,Male,4JFS862,,
761829,Lawrence,Torres,ltorresqf@yahoo.co.jp,Male,9WOC982,,
864089,Frank,Foster,ffosterqg@wisc.edu,Male,8OKN216,,
376966,Kimberly,Ortiz,kortizqh@angelfire.com,Female,4ZPD839,,
054807,Karen,Henderson,khendersonqi@chronoengine.com,Female,8JWK417,,
752813,Gregory,Montgomery,gmontgomeryqj@slate.com,Male,5NFA280,,
029868,Walter,Carroll,wcarrollqk@va.gov,Male,4BSR071,,
952202,Kenneth,Phillips,kphillipsql@naver.com,Male,2VDA259,,
131090,Edward,Henry,ehenryqm@shop-pro.jp,Male,3NFE372,,
943875,Norma,Rogers,nrogersqn@google.ru,Female,0TIZ296,,
711708,Albert,Robinson,arobinsonqo@hostgator.com,Male,6FDR355,,
564063,Dorothy,Stewart,dstewartqp@fotki.com,Female,5YOE186,,
552012,Wayne,Hayes,whayesqq@theguardian.com,Male,8IDE014,,
796168,Margaret,Murphy,mmurphyqr@canalblog.com,Female,6OHA189,,
672304,Kathy,Carpenter,kcarpenterqs@imgur.com,Female,9IFY746,,
032064,Jeremy,Wright,jwrightqt@java.com,Male,8IFD946,,
388465,Wayne,Marshall,wmarshallqu@salon.com,Male,6SIN690,,
897222,Marilyn,Webb,mwebbqv@is.gd,Female,0OZK331,,
526318,Lori,Burns,lburnsqw@com.com,Female,6ROA361,,
009209,Philip,Owens,powensqx@reference.com,Male,9NMB156,,
481251,Judith,Rivera,jriveraqy@github.io,Female,4BEL484,,
741435,William,Jacobs,wjacobsqz@blogger.com,Male,2UVG678,,
426434,Angela,Bailey,abaileyr0@storify.com,Female,3FGS481,,
312328,Jesse,Turner,jturnerr1@hostgator.com,Male,2UQK547,,
307794,Billy,Hernandez,bhernandezr2@opera.com,Male,4ZCR484,,
465919,Roger,Sanchez,rsanchezr3@nsw.gov.au,Male,8CVD347,,
509592,Norma,Kim,nkimr4@smugmug.com,Female,3ERA534,,
153020,Alan,Fisher,afisherr5@fda.gov,Male,4VMB263,,
524947,Tina,Lee,tleer6@hc360.com,Female,8OUS541,,
527680,Robin,Fernandez,rfernandezr7@miitbeian.gov.cn,Female,5AHV850,,
861916,Roger,Baker,rbakerr8@linkedin.com,Male,0YXS539,,
670075,Kimberly,Harper,kharperr9@nih.gov,Female,2UGQ341,,
902559,Elizabeth,Ortiz,eortizra@microsoft.com,Female,2GZE701,,
903911,Peter,Ruiz,pruizrb@unicef.org,Male,1CLV100,,
300711,Earl,Howell,ehowellrc@ustream.tv,Male,1TPK883,,
994234,Frances,Johnson,fjohnsonrd@rambler.ru,Female,7XVR882,,
150306,Dorothy,King,dkingre@nasa.gov,Female,1VUO873,,
433024,Susan,Medina,smedinarf@cnn.com,Female,7CMR093,,
303252,Carlos,Crawford,ccrawfordrg@wikimedia.org,Male,1WHU771,,
002423,Wayne,Wood,wwoodrh@unicef.org,Male,1KMC819,,
126997,Teresa,Murray,tmurrayri@blogspot.com,Female,9SBH130,,
267021,Craig,Ray,crayrj@icio.us,Male,0WTI148,,
122559,Rachel,Greene,rgreenerk@google.pl,Female,0ILF502,,
675913,Jeremy,Ray,jrayrl@cargocollective.com,Male,4FRU185,,
543505,Patricia,Martinez,pmartinezrm@cafepress.com,Female,3BHU747,,
492288,Margaret,Rivera,mriverarn@google.co.uk,Female,3QHN354,,
506977,Bonnie,Mcdonald,bmcdonaldro@aboutads.info,Female,2EPB432,,
904021,Sharon,Hall,shallrp@wiley.com,Female,2KNX452,,
456823,Ruth,Alexander,ralexanderrq@sphinn.com,Female,7PXF700,,
407928,Phyllis,Flores,pfloresrr@kickstarter.com,Female,9LXE595,,
